{"metadata":{"kernel_spec":{"name":"SQL","language":"sql","display_name":"SQL"},"language_info":{"name":"sql","version":""}},"nbformat":4,"nbformat_minor":2,"cells":[{"cell_type":"markdown","source":["# [PCShopDB]"],"metadata":{"urn":"Server[@Name='Bety\\SQLEXPRESS']/Database[@Name='PCShopDB']","object_type":"Database"}},{"outputs":[],"execution_count":0,"cell_type":"code","source":["USE [master]\r\n","GO\r\n"],"metadata":{"urn":"Server[@Name='Bety\\SQLEXPRESS']/Database[@Name='PCShopDB']","object_type":"Database"}},{"outputs":[],"execution_count":0,"cell_type":"code","source":["/****** Object:  Database [PCShopDB]    Script Date: 4/30/2026 6:44:29 PM ******/\r\nCREATE DATABASE [PCShopDB]\r\n CONTAINMENT = NONE\r\n ON  PRIMARY \r\n( NAME = N'PCShopDB', FILENAME = N'E:\\SQL\\MSSQL17.SQLEXPRESS\\MSSQL\\DATA\\PCShopDB.mdf' , SIZE = 8192KB , MAXSIZE = UNLIMITED, FILEGROWTH = 65536KB )\r\n LOG ON \r\n( NAME = N'PCShopDB_log', FILENAME = N'E:\\SQL\\MSSQL17.SQLEXPRESS\\MSSQL\\DATA\\PCShopDB_log.ldf' , SIZE = 8192KB , MAXSIZE = 2048GB , FILEGROWTH = 65536KB )\r\n WITH CATALOG_COLLATION = DATABASE_DEFAULT, LEDGER = OFF\r\n","GO\r\n","IF (1 = FULLTEXTSERVICEPROPERTY('IsFullTextInstalled'))\r\nbegin\r\nEXEC [PCShopDB].[dbo].[sp_fulltext_database] @action = 'enable'\r\nend\r\n","GO\r\n","ALTER DATABASE [PCShopDB] SET ANSI_NULL_DEFAULT OFF \r\n","GO\r\n","ALTER DATABASE [PCShopDB] SET ANSI_NULLS OFF \r\n","GO\r\n","ALTER DATABASE [PCShopDB] SET ANSI_PADDING OFF \r\n","GO\r\n","ALTER DATABASE [PCShopDB] SET ANSI_WARNINGS OFF \r\n","GO\r\n","ALTER DATABASE [PCShopDB] SET ARITHABORT OFF \r\n","GO\r\n","ALTER DATABASE [PCShopDB] SET AUTO_CLOSE ON \r\n","GO\r\n","ALTER DATABASE [PCShopDB] SET AUTO_SHRINK OFF \r\n","GO\r\n","ALTER DATABASE [PCShopDB] SET AUTO_UPDATE_STATISTICS ON \r\n","GO\r\n","ALTER DATABASE [PCShopDB] SET CURSOR_CLOSE_ON_COMMIT OFF \r\n","GO\r\n","ALTER DATABASE [PCShopDB] SET CURSOR_DEFAULT  GLOBAL \r\n","GO\r\n","ALTER DATABASE [PCShopDB] SET CONCAT_NULL_YIELDS_NULL OFF \r\n","GO\r\n","ALTER DATABASE [PCShopDB] SET NUMERIC_ROUNDABORT OFF \r\n","GO\r\n","ALTER DATABASE [PCShopDB] SET QUOTED_IDENTIFIER OFF \r\n","GO\r\n","ALTER DATABASE [PCShopDB] SET RECURSIVE_TRIGGERS OFF \r\n","GO\r\n","ALTER DATABASE [PCShopDB] SET  ENABLE_BROKER \r\n","GO\r\n","ALTER DATABASE [PCShopDB] SET AUTO_UPDATE_STATISTICS_ASYNC OFF \r\n","GO\r\n","ALTER DATABASE [PCShopDB] SET DATE_CORRELATION_OPTIMIZATION OFF \r\n","GO\r\n","ALTER DATABASE [PCShopDB] SET TRUSTWORTHY OFF \r\n","GO\r\n","ALTER DATABASE [PCShopDB] SET ALLOW_SNAPSHOT_ISOLATION OFF \r\n","GO\r\n","ALTER DATABASE [PCShopDB] SET PARAMETERIZATION SIMPLE \r\n","GO\r\n","ALTER DATABASE [PCShopDB] SET READ_COMMITTED_SNAPSHOT OFF \r\n","GO\r\n","ALTER DATABASE [PCShopDB] SET HONOR_BROKER_PRIORITY OFF \r\n","GO\r\n","ALTER DATABASE [PCShopDB] SET RECOVERY SIMPLE \r\n","GO\r\n","ALTER DATABASE [PCShopDB] SET  MULTI_USER \r\n","GO\r\n","ALTER DATABASE [PCShopDB] SET PAGE_VERIFY CHECKSUM  \r\n","GO\r\n","ALTER DATABASE [PCShopDB] SET DB_CHAINING OFF \r\n","GO\r\n","ALTER DATABASE [PCShopDB] SET FILESTREAM( NON_TRANSACTED_ACCESS = OFF ) \r\n","GO\r\n","ALTER DATABASE [PCShopDB] SET TARGET_RECOVERY_TIME = 60 SECONDS \r\n","GO\r\n","ALTER DATABASE [PCShopDB] SET DELAYED_DURABILITY = DISABLED \r\n","GO\r\n","ALTER DATABASE [PCShopDB] SET ACCELERATED_DATABASE_RECOVERY = OFF  \r\n","GO\r\n","ALTER DATABASE [PCShopDB] SET QUERY_STORE = ON\r\n","GO\r\n","ALTER DATABASE [PCShopDB] SET QUERY_STORE (OPERATION_MODE = READ_WRITE, CLEANUP_POLICY = (STALE_QUERY_THRESHOLD_DAYS = 30), DATA_FLUSH_INTERVAL_SECONDS = 900, INTERVAL_LENGTH_MINUTES = 60, MAX_STORAGE_SIZE_MB = 1000, QUERY_CAPTURE_MODE = AUTO, SIZE_BASED_CLEANUP_MODE = AUTO, MAX_PLANS_PER_QUERY = 200, WAIT_STATS_CAPTURE_MODE = ON)\r\n","GO\r\n"],"metadata":{"urn":"Server[@Name='Bety\\SQLEXPRESS']/Database[@Name='PCShopDB']","object_type":"Database"}},{"cell_type":"markdown","source":["# [dbo].[OrderItems]"],"metadata":{"urn":"Server[@Name='Bety\\SQLEXPRESS']/Database[@Name='PCShopDB']/Table[@Name='OrderItems' and @Schema='dbo']","object_type":"Table"}},{"outputs":[],"execution_count":0,"cell_type":"code","source":["USE [PCShopDB]\r\n","GO\r\n"],"metadata":{"urn":"Server[@Name='Bety\\SQLEXPRESS']/Database[@Name='PCShopDB']/Table[@Name='OrderItems' and @Schema='dbo']","object_type":"Table"}},{"outputs":[],"execution_count":0,"cell_type":"code","source":["/****** Object:  Table [dbo].[OrderItems]    Script Date: 4/30/2026 6:44:29 PM ******/\r\nSET ANSI_NULLS ON\r\n","GO\r\n","SET QUOTED_IDENTIFIER ON\r\n","GO\r\n","CREATE TABLE [dbo].[OrderItems](\r\n\t[Id] [int] IDENTITY(1,1) NOT NULL,\r\n\t[OrderId] [int] NOT NULL,\r\n\t[ProductId] [int] NOT NULL,\r\n\t[ProductName] [nvarchar](200) NOT NULL,\r\n\t[Quantity] [int] NOT NULL,\r\n\t[UnitPrice] [decimal](10, 2) NOT NULL,\r\nPRIMARY KEY CLUSTERED \r\n(\r\n\t[Id] ASC\r\n)WITH (PAD_INDEX = OFF, STATISTICS_NORECOMPUTE = OFF, IGNORE_DUP_KEY = OFF, ALLOW_ROW_LOCKS = ON, ALLOW_PAGE_LOCKS = ON, OPTIMIZE_FOR_SEQUENTIAL_KEY = OFF) ON [PRIMARY]\r\n) ON [PRIMARY]\r\nGO\r\n"],"metadata":{"urn":"Server[@Name='Bety\\SQLEXPRESS']/Database[@Name='PCShopDB']/Table[@Name='OrderItems' and @Schema='dbo']","object_type":"Table"}},{"cell_type":"markdown","source":["# [dbo].[Orders]"],"metadata":{"urn":"Server[@Name='Bety\\SQLEXPRESS']/Database[@Name='PCShopDB']/Table[@Name='Orders' and @Schema='dbo']","object_type":"Table"}},{"outputs":[],"execution_count":0,"cell_type":"code","source":["/****** Object:  Table [dbo].[Orders]    Script Date: 4/30/2026 6:44:29 PM ******/\r\nSET ANSI_NULLS ON\r\n","GO\r\n","SET QUOTED_IDENTIFIER ON\r\n","GO\r\n","CREATE TABLE [dbo].[Orders](\r\n\t[Id] [int] IDENTITY(1,1) NOT NULL,\r\n\t[UserId] [int] NOT NULL,\r\n\t[TotalPrice] [decimal](10, 2) NOT NULL,\r\n\t[Status] [nvarchar](50) NOT NULL,\r\n\t[ShippingAddress] [nvarchar](300) NOT NULL,\r\n\t[ShippingCity] [nvarchar](100) NOT NULL,\r\n\t[ShippingZip] [nvarchar](20) NOT NULL,\r\n\t[PhoneNumber] [nvarchar](30) NOT NULL,\r\n\t[CreatedAt] [datetime2](7) NOT NULL,\r\nPRIMARY KEY CLUSTERED \r\n(\r\n\t[Id] ASC\r\n)WITH (PAD_INDEX = OFF, STATISTICS_NORECOMPUTE = OFF, IGNORE_DUP_KEY = OFF, ALLOW_ROW_LOCKS = ON, ALLOW_PAGE_LOCKS = ON, OPTIMIZE_FOR_SEQUENTIAL_KEY = OFF) ON [PRIMARY]\r\n) ON [PRIMARY]\r\nGO\r\n"],"metadata":{"urn":"Server[@Name='Bety\\SQLEXPRESS']/Database[@Name='PCShopDB']/Table[@Name='Orders' and @Schema='dbo']","object_type":"Table"}},{"cell_type":"markdown","source":["# [dbo].[Products]"],"metadata":{"urn":"Server[@Name='Bety\\SQLEXPRESS']/Database[@Name='PCShopDB']/Table[@Name='Products' and @Schema='dbo']","object_type":"Table"}},{"outputs":[],"execution_count":0,"cell_type":"code","source":["/****** Object:  Table [dbo].[Products]    Script Date: 4/30/2026 6:44:29 PM ******/\r\nSET ANSI_NULLS ON\r\n","GO\r\n","SET QUOTED_IDENTIFIER ON\r\n","GO\r\n","CREATE TABLE [dbo].[Products](\r\n\t[Id] [int] IDENTITY(1,1) NOT NULL,\r\n\t[Name] [nvarchar](200) NOT NULL,\r\n\t[Category] [nvarchar](100) NOT NULL,\r\n\t[Description] [nvarchar](1000) NOT NULL,\r\n\t[Price] [decimal](10, 2) NOT NULL,\r\n\t[Stock] [int] NOT NULL,\r\n\t[Brand] [nvarchar](100) NOT NULL,\r\n\t[ImageUrl] [nvarchar](500) NOT NULL,\r\nPRIMARY KEY CLUSTERED \r\n(\r\n\t[Id] ASC\r\n)WITH (PAD_INDEX = OFF, STATISTICS_NORECOMPUTE = OFF, IGNORE_DUP_KEY = OFF, ALLOW_ROW_LOCKS = ON, ALLOW_PAGE_LOCKS = ON, OPTIMIZE_FOR_SEQUENTIAL_KEY = OFF) ON [PRIMARY]\r\n) ON [PRIMARY]\r\nGO\r\n"],"metadata":{"urn":"Server[@Name='Bety\\SQLEXPRESS']/Database[@Name='PCShopDB']/Table[@Name='Products' and @Schema='dbo']","object_type":"Table"}},{"cell_type":"markdown","source":["# [dbo].[Users]"],"metadata":{"urn":"Server[@Name='Bety\\SQLEXPRESS']/Database[@Name='PCShopDB']/Table[@Name='Users' and @Schema='dbo']","object_type":"Table"}},{"outputs":[],"execution_count":0,"cell_type":"code","source":["/****** Object:  Table [dbo].[Users]    Script Date: 4/30/2026 6:44:29 PM ******/\r\nSET ANSI_NULLS ON\r\n","GO\r\n","SET QUOTED_IDENTIFIER ON\r\n","GO\r\n","CREATE TABLE [dbo].[Users](\r\n\t[Id] [int] IDENTITY(1,1) NOT NULL,\r\n\t[Username] [nvarchar](100) NOT NULL,\r\n\t[Email] [nvarchar](200) NOT NULL,\r\n\t[PasswordHash] [nvarchar](500) NOT NULL,\r\n\t[FirstName] [nvarchar](100) NOT NULL,\r\n\t[LastName] [nvarchar](100) NOT NULL,\r\n\t[CreatedAt] [datetime2](7) NOT NULL,\r\nPRIMARY KEY CLUSTERED \r\n(\r\n\t[Id] ASC\r\n)WITH (PAD_INDEX = OFF, STATISTICS_NORECOMPUTE = OFF, IGNORE_DUP_KEY = OFF, ALLOW_ROW_LOCKS = ON, ALLOW_PAGE_LOCKS = ON, OPTIMIZE_FOR_SEQUENTIAL_KEY = OFF) ON [PRIMARY]\r\n) ON [PRIMARY]\r\nGO\r\n"],"metadata":{"urn":"Server[@Name='Bety\\SQLEXPRESS']/Database[@Name='PCShopDB']/Table[@Name='Users' and @Schema='dbo']","object_type":"Table"}},{"cell_type":"markdown","source":["# [dbo].[OrderItems]"],"metadata":{"urn":"Server[@Name='Bety\\SQLEXPRESS']/Database[@Name='PCShopDB']/Table[@Name='OrderItems' and @Schema='dbo']","object_type":"Table"}},{"outputs":[],"execution_count":0,"cell_type":"code","source":["SET IDENTITY_INSERT [dbo].[OrderItems] ON \r\n","INSERT [dbo].[OrderItems] ([Id], [OrderId], [ProductId], [ProductName], [Quantity], [UnitPrice]) VALUES (1, 2, 2, N'Core i9-14900K', 1, CAST(4799.99 AS Decimal(10, 2)))\r\n","INSERT [dbo].[OrderItems] ([Id], [OrderId], [ProductId], [ProductName], [Quantity], [UnitPrice]) VALUES (2, 2, 3, N'Ryzen 5 7600X', 1, CAST(1699.99 AS Decimal(10, 2)))\r\n","INSERT [dbo].[OrderItems] ([Id], [OrderId], [ProductId], [ProductName], [Quantity], [UnitPrice]) VALUES (3, 3, 2, N'Core i9-14900K', 1, CAST(4799.99 AS Decimal(10, 2)))\r\n","INSERT [dbo].[OrderItems] ([Id], [OrderId], [ProductId], [ProductName], [Quantity], [UnitPrice]) VALUES (4, 3, 5, N'RTX 4090', 1, CAST(16999.99 AS Decimal(10, 2)))\r\n","INSERT [dbo].[OrderItems] ([Id], [OrderId], [ProductId], [ProductName], [Quantity], [UnitPrice]) VALUES (5, 4, 2, N'Core i9-14900K', 1, CAST(4799.99 AS Decimal(10, 2)))\r\n","INSERT [dbo].[OrderItems] ([Id], [OrderId], [ProductId], [ProductName], [Quantity], [UnitPrice]) VALUES (6, 4, 3, N'Ryzen 5 7600X', 1, CAST(1699.99 AS Decimal(10, 2)))\r\n","INSERT [dbo].[OrderItems] ([Id], [OrderId], [ProductId], [ProductName], [Quantity], [UnitPrice]) VALUES (7, 5, 2, N'Core i9-14900K', 1, CAST(4799.99 AS Decimal(10, 2)))\r\n","INSERT [dbo].[OrderItems] ([Id], [OrderId], [ProductId], [ProductName], [Quantity], [UnitPrice]) VALUES (8, 5, 1, N'Ryzen 7 9800X3D', 1, CAST(5299.99 AS Decimal(10, 2)))\r\n","INSERT [dbo].[OrderItems] ([Id], [OrderId], [ProductId], [ProductName], [Quantity], [UnitPrice]) VALUES (9, 5, 4, N'Core i5-14600K', 1, CAST(1899.99 AS Decimal(10, 2)))\r\n","INSERT [dbo].[OrderItems] ([Id], [OrderId], [ProductId], [ProductName], [Quantity], [UnitPrice]) VALUES (10, 9, 3, N'Ryzen 5 7600X', 1, CAST(1699.99 AS Decimal(10, 2)))\r\n","SET IDENTITY_INSERT [dbo].[OrderItems] OFF\r\n","GO\r\n"],"metadata":{"urn":"Server[@Name='Bety\\SQLEXPRESS']/Database[@Name='PCShopDB']/Table[@Name='OrderItems' and @Schema='dbo']","object_type":"Table"}},{"cell_type":"markdown","source":["# [dbo].[Orders]"],"metadata":{"urn":"Server[@Name='Bety\\SQLEXPRESS']/Database[@Name='PCShopDB']/Table[@Name='Orders' and @Schema='dbo']","object_type":"Table"}},{"outputs":[],"execution_count":0,"cell_type":"code","source":["SET IDENTITY_INSERT [dbo].[Orders] ON \r\n","INSERT [dbo].[Orders] ([Id], [UserId], [TotalPrice], [Status], [ShippingAddress], [ShippingCity], [ShippingZip], [PhoneNumber], [CreatedAt]) VALUES (1, 1, CAST(0.00 AS Decimal(10, 2)), N'Pending', N'', N'', N'', N'', CAST(N'2026-04-27T16:31:55.2600000' AS DateTime2))\r\n","INSERT [dbo].[Orders] ([Id], [UserId], [TotalPrice], [Status], [ShippingAddress], [ShippingCity], [ShippingZip], [PhoneNumber], [CreatedAt]) VALUES (2, 1, CAST(6499.98 AS Decimal(10, 2)), N'Pending', N'', N'', N'', N'', CAST(N'2026-04-27T16:54:38.2166667' AS DateTime2))\r\n","INSERT [dbo].[Orders] ([Id], [UserId], [TotalPrice], [Status], [ShippingAddress], [ShippingCity], [ShippingZip], [PhoneNumber], [CreatedAt]) VALUES (3, 1, CAST(21799.98 AS Decimal(10, 2)), N'Pending', N'', N'', N'', N'', CAST(N'2026-04-27T16:57:47.3366667' AS DateTime2))\r\n","INSERT [dbo].[Orders] ([Id], [UserId], [TotalPrice], [Status], [ShippingAddress], [ShippingCity], [ShippingZip], [PhoneNumber], [CreatedAt]) VALUES (4, 1, CAST(6499.98 AS Decimal(10, 2)), N'Pending', N'', N'', N'', N'', CAST(N'2026-04-27T17:04:27.5000000' AS DateTime2))\r\n","INSERT [dbo].[Orders] ([Id], [UserId], [TotalPrice], [Status], [ShippingAddress], [ShippingCity], [ShippingZip], [PhoneNumber], [CreatedAt]) VALUES (5, 1, CAST(11999.97 AS Decimal(10, 2)), N'Pending', N'', N'', N'', N'', CAST(N'2026-04-27T17:18:40.7233333' AS DateTime2))\r\n","INSERT [dbo].[Orders] ([Id], [UserId], [TotalPrice], [Status], [ShippingAddress], [ShippingCity], [ShippingZip], [PhoneNumber], [CreatedAt]) VALUES (6, 41, CAST(0.00 AS Decimal(10, 2)), N'Pending', N'', N'', N'', N'', CAST(N'2026-04-30T14:01:02.5033333' AS DateTime2))\r\n","INSERT [dbo].[Orders] ([Id], [UserId], [TotalPrice], [Status], [ShippingAddress], [ShippingCity], [ShippingZip], [PhoneNumber], [CreatedAt]) VALUES (7, 41, CAST(0.00 AS Decimal(10, 2)), N'Pending', N'', N'', N'', N'', CAST(N'2026-04-30T14:01:22.1600000' AS DateTime2))\r\n","INSERT [dbo].[Orders] ([Id], [UserId], [TotalPrice], [Status], [ShippingAddress], [ShippingCity], [ShippingZip], [PhoneNumber], [CreatedAt]) VALUES (8, 41, CAST(0.00 AS Decimal(10, 2)), N'Pending', N'', N'', N'', N'', CAST(N'2026-04-30T14:09:01.8100000' AS DateTime2))\r\n","INSERT [dbo].[Orders] ([Id], [UserId], [TotalPrice], [Status], [ShippingAddress], [ShippingCity], [ShippingZip], [PhoneNumber], [CreatedAt]) VALUES (9, 41, CAST(1699.99 AS Decimal(10, 2)), N'Pending', N'da', N'', N'', N'', CAST(N'2026-04-30T14:22:23.7866667' AS DateTime2))\r\n","SET IDENTITY_INSERT [dbo].[Orders] OFF\r\n","GO\r\n"],"metadata":{"urn":"Server[@Name='Bety\\SQLEXPRESS']/Database[@Name='PCShopDB']/Table[@Name='Orders' and @Schema='dbo']","object_type":"Table"}},{"cell_type":"markdown","source":["# [dbo].[Products]"],"metadata":{"urn":"Server[@Name='Bety\\SQLEXPRESS']/Database[@Name='PCShopDB']/Table[@Name='Products' and @Schema='dbo']","object_type":"Table"}},{"outputs":[],"execution_count":0,"cell_type":"code","source":["SET IDENTITY_INSERT [dbo].[Products] ON \r\n","INSERT [dbo].[Products] ([Id], [Name], [Category], [Description], [Price], [Stock], [Brand], [ImageUrl]) VALUES (1, N'Ryzen 7 9800X3D', N'CPU', N'8 nuclee / 16 thread-uri, 5.2 GHz boost, cache 3D V-Cache 96MB, socket AM5.', CAST(5299.99 AS Decimal(10, 2)), 24, N'AMD', N'ryzen7-9800x3d.jpg')\r\n","INSERT [dbo].[Products] ([Id], [Name], [Category], [Description], [Price], [Stock], [Brand], [ImageUrl]) VALUES (2, N'Core i9-14900K', N'CPU', N'24 nuclee (8P+16E), 6.0 GHz boost, socket LGA1700.', CAST(4799.99 AS Decimal(10, 2)), 11, N'Intel', N'corei9-14900k.jpg')\r\n","INSERT [dbo].[Products] ([Id], [Name], [Category], [Description], [Price], [Stock], [Brand], [ImageUrl]) VALUES (3, N'Ryzen 5 7600X', N'CPU', N'6 nuclee / 12 thread-uri, 5.3 GHz boost, socket AM5.', CAST(1699.99 AS Decimal(10, 2)), 37, N'AMD', N'ryzen5-7600x.jpg')\r\n","INSERT [dbo].[Products] ([Id], [Name], [Category], [Description], [Price], [Stock], [Brand], [ImageUrl]) VALUES (4, N'Core i5-14600K', N'CPU', N'14 nuclee (6P+8E), 5.3 GHz boost, socket LGA1700.', CAST(1899.99 AS Decimal(10, 2)), 34, N'Intel', N'corei5-14600k.jpg')\r\n","INSERT [dbo].[Products] ([Id], [Name], [Category], [Description], [Price], [Stock], [Brand], [ImageUrl]) VALUES (5, N'RTX 4090', N'GPU', N'24GB GDDR6X, 16384 CUDA cores, DLSS 3.5, ray tracing.', CAST(16999.99 AS Decimal(10, 2)), 7, N'NVIDIA', N'rtx4090.jpg')\r\n","INSERT [dbo].[Products] ([Id], [Name], [Category], [Description], [Price], [Stock], [Brand], [ImageUrl]) VALUES (6, N'RTX 4070 Ti Super', N'GPU', N'16GB GDDR6X, 8448 CUDA cores, DLSS 3.5.', CAST(5299.99 AS Decimal(10, 2)), 20, N'NVIDIA', N'rtx4070ti-super.jpg')\r\n","INSERT [dbo].[Products] ([Id], [Name], [Category], [Description], [Price], [Stock], [Brand], [ImageUrl]) VALUES (7, N'RX 7900 XTX', N'GPU', N'24GB GDDR6, 6144 shaders, FSR 3.', CAST(5499.99 AS Decimal(10, 2)), 12, N'AMD', N'rx7900xtx.jpg')\r\n","INSERT [dbo].[Products] ([Id], [Name], [Category], [Description], [Price], [Stock], [Brand], [ImageUrl]) VALUES (8, N'RTX 4060', N'GPU', N'8GB GDDR6, 3072 CUDA cores, DLSS 3.', CAST(1799.99 AS Decimal(10, 2)), 50, N'NVIDIA', N'rtx4060.jpg')\r\n","INSERT [dbo].[Products] ([Id], [Name], [Category], [Description], [Price], [Stock], [Brand], [ImageUrl]) VALUES (9, N'Corsair Vengeance DDR5-6000 32GB', N'RAM', N'Kit 2x16GB DDR5, 6000MHz CL36, compatibil AMD EXPO si Intel XMP 3.0.', CAST(649.99 AS Decimal(10, 2)), 60, N'Corsair', N'corsair-vengeance-32gb.jpg')\r\n","INSERT [dbo].[Products] ([Id], [Name], [Category], [Description], [Price], [Stock], [Brand], [ImageUrl]) VALUES (10, N'G.Skill Trident Z5 DDR5-6400 64GB', N'RAM', N'Kit 2x32GB DDR5, 6400MHz CL32, RGB, profil XMP 3.0.', CAST(1299.99 AS Decimal(10, 2)), 25, N'G.Skill', N'gskill-trident-64gb.jpg')\r\n","INSERT [dbo].[Products] ([Id], [Name], [Category], [Description], [Price], [Stock], [Brand], [ImageUrl]) VALUES (11, N'Kingston Fury Beast DDR4-3600 16GB', N'RAM', N'Kit 2x8GB DDR4, 3600MHz CL18.', CAST(249.99 AS Decimal(10, 2)), 80, N'Kingston', N'kingston-fury-16gb.jpg')\r\n","INSERT [dbo].[Products] ([Id], [Name], [Category], [Description], [Price], [Stock], [Brand], [ImageUrl]) VALUES (12, N'Samsung 990 Pro 2TB NVMe', N'SSD', N'PCIe 4.0 x4, 7450MB/s citire, 6900MB/s scriere.', CAST(849.99 AS Decimal(10, 2)), 45, N'Samsung', N'samsung-990-pro.jpg')\r\n","INSERT [dbo].[Products] ([Id], [Name], [Category], [Description], [Price], [Stock], [Brand], [ImageUrl]) VALUES (13, N'WD Black SN850X 1TB NVMe', N'SSD', N'PCIe 4.0 x4, 7300MB/s citire, 6600MB/s scriere.', CAST(449.99 AS Decimal(10, 2)), 55, N'Western Digital', N'wd-black-sn850x.jpg')\r\n","INSERT [dbo].[Products] ([Id], [Name], [Category], [Description], [Price], [Stock], [Brand], [ImageUrl]) VALUES (14, N'Crucial T705 2TB PCIe 5.0', N'SSD', N'PCIe 5.0 x4, 14500MB/s citire, 12700MB/s scriere.', CAST(1399.99 AS Decimal(10, 2)), 20, N'Crucial', N'crucial-t705.jpg')\r\n","INSERT [dbo].[Products] ([Id], [Name], [Category], [Description], [Price], [Stock], [Brand], [ImageUrl]) VALUES (15, N'Kingston NV3 1TB SATA', N'SSD', N'SATA III 6Gb/s, 550MB/s citire.', CAST(179.99 AS Decimal(10, 2)), 100, N'Kingston', N'kingston-nv3.jpg')\r\n","INSERT [dbo].[Products] ([Id], [Name], [Category], [Description], [Price], [Stock], [Brand], [ImageUrl]) VALUES (16, N'ASUS ROG Strix X670E-F Gaming WiFi', N'Motherboard', N'AMD AM5, DDR5, PCIe 5.0, WiFi 6E.', CAST(2499.99 AS Decimal(10, 2)), 15, N'ASUS', N'asus-rog-x670e.jpg')\r\n","INSERT [dbo].[Products] ([Id], [Name], [Category], [Description], [Price], [Stock], [Brand], [ImageUrl]) VALUES (17, N'MSI MAG Z790 Tomahawk WiFi', N'Motherboard', N'Intel LGA1700, DDR5, PCIe 5.0, WiFi 6E.', CAST(1599.99 AS Decimal(10, 2)), 20, N'MSI', N'msi-mag-z790.jpg')\r\n","INSERT [dbo].[Products] ([Id], [Name], [Category], [Description], [Price], [Stock], [Brand], [ImageUrl]) VALUES (18, N'Gigabyte B650 AORUS Elite AX', N'Motherboard', N'AMD AM5, DDR5, PCIe 4.0, WiFi 6E.', CAST(1199.99 AS Decimal(10, 2)), 30, N'Gigabyte', N'gigabyte-b650.jpg')\r\n","INSERT [dbo].[Products] ([Id], [Name], [Category], [Description], [Price], [Stock], [Brand], [ImageUrl]) VALUES (19, N'Noctua NH-D15', N'Cooling', N'Cooler aer dual-tower, 2x ventilatoare 140mm.', CAST(449.99 AS Decimal(10, 2)), 35, N'Noctua', N'noctua-nhd15.jpg')\r\n","INSERT [dbo].[Products] ([Id], [Name], [Category], [Description], [Price], [Stock], [Brand], [ImageUrl]) VALUES (20, N'Corsair H150i Elite LCD', N'Cooling', N'AIO 360mm, pompa PWM, display LCD.', CAST(1099.99 AS Decimal(10, 2)), 18, N'Corsair', N'corsair-h150i.jpg')\r\n","INSERT [dbo].[Products] ([Id], [Name], [Category], [Description], [Price], [Stock], [Brand], [ImageUrl]) VALUES (21, N'be quiet! Dark Rock Pro 4', N'Cooling', N'Cooler aer dual-tower, 250W TDP.', CAST(369.99 AS Decimal(10, 2)), 40, N'be quiet!', N'bequiet-darkrock-pro4.jpg')\r\n","INSERT [dbo].[Products] ([Id], [Name], [Category], [Description], [Price], [Stock], [Brand], [ImageUrl]) VALUES (22, N'Seasonic Focus GX-1000 80+ Gold', N'PSU', N'1000W, 80+ Gold, full modular.', CAST(849.99 AS Decimal(10, 2)), 25, N'Seasonic', N'seasonic-1000w.jpg')\r\n","INSERT [dbo].[Products] ([Id], [Name], [Category], [Description], [Price], [Stock], [Brand], [ImageUrl]) VALUES (23, N'Corsair RM1000x 80+ Gold', N'PSU', N'1000W, 80+ Gold, full modular.', CAST(799.99 AS Decimal(10, 2)), 30, N'Corsair', N'corsair-rm1000x.jpg')\r\n","INSERT [dbo].[Products] ([Id], [Name], [Category], [Description], [Price], [Stock], [Brand], [ImageUrl]) VALUES (24, N'be quiet! Straight Power 12 850W', N'PSU', N'850W, 80+ Platinum, full modular.', CAST(699.99 AS Decimal(10, 2)), 35, N'be quiet!', N'bequiet-straight-850w.jpg')\r\n","INSERT [dbo].[Products] ([Id], [Name], [Category], [Description], [Price], [Stock], [Brand], [ImageUrl]) VALUES (25, N'Fractal Design Torrent', N'Case', N'ATX Mid-Tower, airflow exceptional.', CAST(799.99 AS Decimal(10, 2)), 20, N'Fractal Design', N'fractal-torrent.jpg')\r\n","INSERT [dbo].[Products] ([Id], [Name], [Category], [Description], [Price], [Stock], [Brand], [ImageUrl]) VALUES (26, N'Lian Li PC-O11 Dynamic EVO', N'Case', N'ATX Mid-Tower, dual chamber.', CAST(699.99 AS Decimal(10, 2)), 25, N'Lian Li', N'lianli-o11.jpg')\r\n","INSERT [dbo].[Products] ([Id], [Name], [Category], [Description], [Price], [Stock], [Brand], [ImageUrl]) VALUES (27, N'NZXT H9 Flow', N'Case', N'ATX Mid-Tower, panou sticla pe 2 fete.', CAST(649.99 AS Decimal(10, 2)), 22, N'NZXT', N'nzxt-h9.jpg')\r\n","SET IDENTITY_INSERT [dbo].[Products] OFF\r\n","GO\r\n"],"metadata":{"urn":"Server[@Name='Bety\\SQLEXPRESS']/Database[@Name='PCShopDB']/Table[@Name='Products' and @Schema='dbo']","object_type":"Table"}},{"cell_type":"markdown","source":["# [dbo].[Users]"],"metadata":{"urn":"Server[@Name='Bety\\SQLEXPRESS']/Database[@Name='PCShopDB']/Table[@Name='Users' and @Schema='dbo']","object_type":"Table"}},{"outputs":[],"execution_count":0,"cell_type":"code","source":["SET IDENTITY_INSERT [dbo].[Users] ON \r\n","INSERT [dbo].[Users] ([Id], [Username], [Email], [PasswordHash], [FirstName], [LastName], [CreatedAt]) VALUES (1, N'', N'qaxelyt@gmail.com', N'$2a$11$gogpS2aIWLQ/K5rWOWCrUO2eNRsJyBGrKkoplsATNvWiGM7nHDbyG', N'', N'', CAST(N'2026-04-27T16:31:45.5300000' AS DateTime2))\r\n","INSERT [dbo].[Users] ([Id], [Username], [Email], [PasswordHash], [FirstName], [LastName], [CreatedAt]) VALUES (40, N'test1@gmail.com', N'test1@gmail.com', N'$2a$11$t.xQYweXH4FWdwFmcZ8a/OzJo28TOSTGPL7jOzIhyp2fRiLrGnh0O', N'Florin', N'PCShop', CAST(N'2026-04-30T13:22:22.1000000' AS DateTime2))\r\n","INSERT [dbo].[Users] ([Id], [Username], [Email], [PasswordHash], [FirstName], [LastName], [CreatedAt]) VALUES (41, N'test2@gmail.com', N'test2@gmail.com', N'$2a$11$VpCR3gNNwNm.Kdn2efYw4eEvy/KRnVtQWWKdTF75H5pHwwDWDtSQe', N'Marius', N'PCShop', CAST(N'2026-04-30T13:23:00.2233333' AS DateTime2))\r\n","SET IDENTITY_INSERT [dbo].[Users] OFF\r\n","GO\r\n"],"metadata":{"urn":"Server[@Name='Bety\\SQLEXPRESS']/Database[@Name='PCShopDB']/Table[@Name='Users' and @Schema='dbo']","object_type":"Table"}},{"cell_type":"markdown","source":["# [UQ__Users__536C85E476C959A4]"],"metadata":{"urn":"Server[@Name='Bety\\SQLEXPRESS']/Database[@Name='PCShopDB']/Table[@Name='Users' and @Schema='dbo']/Index[@Name='UQ__Users__536C85E476C959A4']","object_type":"Index"}},{"outputs":[],"execution_count":0,"cell_type":"code","source":["SET ANSI_PADDING ON\r\nGO\r\n","/****** Object:  Index [UQ__Users__536C85E476C959A4]    Script Date: 4/30/2026 6:44:29 PM ******/\r\nALTER TABLE [dbo].[Users] ADD UNIQUE NONCLUSTERED \r\n(\r\n\t[Username] ASC\r\n)WITH (PAD_INDEX = OFF, STATISTICS_NORECOMPUTE = OFF, SORT_IN_TEMPDB = OFF, IGNORE_DUP_KEY = OFF, ONLINE = OFF, ALLOW_ROW_LOCKS = ON, ALLOW_PAGE_LOCKS = ON, OPTIMIZE_FOR_SEQUENTIAL_KEY = OFF) ON [PRIMARY]\r\n","GO\r\n"],"metadata":{"urn":"Server[@Name='Bety\\SQLEXPRESS']/Database[@Name='PCShopDB']/Table[@Name='Users' and @Schema='dbo']/Index[@Name='UQ__Users__536C85E476C959A4']","object_type":"Index"}},{"cell_type":"markdown","source":["# [UQ__Users__A9D10534CDB2183A]"],"metadata":{"urn":"Server[@Name='Bety\\SQLEXPRESS']/Database[@Name='PCShopDB']/Table[@Name='Users' and @Schema='dbo']/Index[@Name='UQ__Users__A9D10534CDB2183A']","object_type":"Index"}},{"outputs":[],"execution_count":0,"cell_type":"code","source":["SET ANSI_PADDING ON\r\nGO\r\n","/****** Object:  Index [UQ__Users__A9D10534CDB2183A]    Script Date: 4/30/2026 6:44:29 PM ******/\r\nALTER TABLE [dbo].[Users] ADD UNIQUE NONCLUSTERED \r\n(\r\n\t[Email] ASC\r\n)WITH (PAD_INDEX = OFF, STATISTICS_NORECOMPUTE = OFF, SORT_IN_TEMPDB = OFF, IGNORE_DUP_KEY = OFF, ONLINE = OFF, ALLOW_ROW_LOCKS = ON, ALLOW_PAGE_LOCKS = ON, OPTIMIZE_FOR_SEQUENTIAL_KEY = OFF) ON [PRIMARY]\r\n","GO\r\n"],"metadata":{"urn":"Server[@Name='Bety\\SQLEXPRESS']/Database[@Name='PCShopDB']/Table[@Name='Users' and @Schema='dbo']/Index[@Name='UQ__Users__A9D10534CDB2183A']","object_type":"Index"}},{"cell_type":"markdown","source":["# [DF__Orders__Status__5441852A]"],"metadata":{"urn":"Server[@Name='Bety\\SQLEXPRESS']/Database[@Name='PCShopDB']/Table[@Name='Orders' and @Schema='dbo']/Column[@Name='Status']/Default[@Name='DF__Orders__Status__5441852A']","object_type":"Default"}},{"outputs":[],"execution_count":0,"cell_type":"code","source":["ALTER TABLE [dbo].[Orders] ADD  DEFAULT ('Pending') FOR [Status]\r\n","GO\r\n"],"metadata":{"urn":"Server[@Name='Bety\\SQLEXPRESS']/Database[@Name='PCShopDB']/Table[@Name='Orders' and @Schema='dbo']/Column[@Name='Status']/Default[@Name='DF__Orders__Status__5441852A']","object_type":"Default"}},{"cell_type":"markdown","source":["# [DF__Orders__CreatedA__5535A963]"],"metadata":{"urn":"Server[@Name='Bety\\SQLEXPRESS']/Database[@Name='PCShopDB']/Table[@Name='Orders' and @Schema='dbo']/Column[@Name='CreatedAt']/Default[@Name='DF__Orders__CreatedA__5535A963']","object_type":"Default"}},{"outputs":[],"execution_count":0,"cell_type":"code","source":["ALTER TABLE [dbo].[Orders] ADD  DEFAULT (getutcdate()) FOR [CreatedAt]\r\n","GO\r\n"],"metadata":{"urn":"Server[@Name='Bety\\SQLEXPRESS']/Database[@Name='PCShopDB']/Table[@Name='Orders' and @Schema='dbo']/Column[@Name='CreatedAt']/Default[@Name='DF__Orders__CreatedA__5535A963']","object_type":"Default"}},{"cell_type":"markdown","source":["# [DF__Products__Stock__4F7CD00D]"],"metadata":{"urn":"Server[@Name='Bety\\SQLEXPRESS']/Database[@Name='PCShopDB']/Table[@Name='Products' and @Schema='dbo']/Column[@Name='Stock']/Default[@Name='DF__Products__Stock__4F7CD00D']","object_type":"Default"}},{"outputs":[],"execution_count":0,"cell_type":"code","source":["ALTER TABLE [dbo].[Products] ADD  DEFAULT ((0)) FOR [Stock]\r\n","GO\r\n"],"metadata":{"urn":"Server[@Name='Bety\\SQLEXPRESS']/Database[@Name='PCShopDB']/Table[@Name='Products' and @Schema='dbo']/Column[@Name='Stock']/Default[@Name='DF__Products__Stock__4F7CD00D']","object_type":"Default"}},{"cell_type":"markdown","source":["# [DF__Products__ImageU__5070F446]"],"metadata":{"urn":"Server[@Name='Bety\\SQLEXPRESS']/Database[@Name='PCShopDB']/Table[@Name='Products' and @Schema='dbo']/Column[@Name='ImageUrl']/Default[@Name='DF__Products__ImageU__5070F446']","object_type":"Default"}},{"outputs":[],"execution_count":0,"cell_type":"code","source":["ALTER TABLE [dbo].[Products] ADD  DEFAULT ('') FOR [ImageUrl]\r\n","GO\r\n"],"metadata":{"urn":"Server[@Name='Bety\\SQLEXPRESS']/Database[@Name='PCShopDB']/Table[@Name='Products' and @Schema='dbo']/Column[@Name='ImageUrl']/Default[@Name='DF__Products__ImageU__5070F446']","object_type":"Default"}},{"cell_type":"markdown","source":["# [DF__Users__CreatedAt__4CA06362]"],"metadata":{"urn":"Server[@Name='Bety\\SQLEXPRESS']/Database[@Name='PCShopDB']/Table[@Name='Users' and @Schema='dbo']/Column[@Name='CreatedAt']/Default[@Name='DF__Users__CreatedAt__4CA06362']","object_type":"Default"}},{"outputs":[],"execution_count":0,"cell_type":"code","source":["ALTER TABLE [dbo].[Users] ADD  DEFAULT (getutcdate()) FOR [CreatedAt]\r\n","GO\r\n"],"metadata":{"urn":"Server[@Name='Bety\\SQLEXPRESS']/Database[@Name='PCShopDB']/Table[@Name='Users' and @Schema='dbo']/Column[@Name='CreatedAt']/Default[@Name='DF__Users__CreatedAt__4CA06362']","object_type":"Default"}},{"cell_type":"markdown","source":["# [FK__OrderItem__Order__5812160E]"],"metadata":{"urn":"Server[@Name='Bety\\SQLEXPRESS']/Database[@Name='PCShopDB']/Table[@Name='OrderItems' and @Schema='dbo']/ForeignKey[@Name='FK__OrderItem__Order__5812160E']","object_type":"ForeignKey"}},{"outputs":[],"execution_count":0,"cell_type":"code","source":["ALTER TABLE [dbo].[OrderItems]  WITH CHECK ADD FOREIGN KEY([OrderId])\r\nREFERENCES [dbo].[Orders] ([Id])\r\n","GO\r\n"],"metadata":{"urn":"Server[@Name='Bety\\SQLEXPRESS']/Database[@Name='PCShopDB']/Table[@Name='OrderItems' and @Schema='dbo']/ForeignKey[@Name='FK__OrderItem__Order__5812160E']","object_type":"ForeignKey"}},{"cell_type":"markdown","source":["# [FK__OrderItem__Produ__59063A47]"],"metadata":{"urn":"Server[@Name='Bety\\SQLEXPRESS']/Database[@Name='PCShopDB']/Table[@Name='OrderItems' and @Schema='dbo']/ForeignKey[@Name='FK__OrderItem__Produ__59063A47']","object_type":"ForeignKey"}},{"outputs":[],"execution_count":0,"cell_type":"code","source":["ALTER TABLE [dbo].[OrderItems]  WITH CHECK ADD FOREIGN KEY([ProductId])\r\nREFERENCES [dbo].[Products] ([Id])\r\n","GO\r\n"],"metadata":{"urn":"Server[@Name='Bety\\SQLEXPRESS']/Database[@Name='PCShopDB']/Table[@Name='OrderItems' and @Schema='dbo']/ForeignKey[@Name='FK__OrderItem__Produ__59063A47']","object_type":"ForeignKey"}},{"cell_type":"markdown","source":["# [FK__Orders__UserId__534D60F1]"],"metadata":{"urn":"Server[@Name='Bety\\SQLEXPRESS']/Database[@Name='PCShopDB']/Table[@Name='Orders' and @Schema='dbo']/ForeignKey[@Name='FK__Orders__UserId__534D60F1']","object_type":"ForeignKey"}},{"outputs":[],"execution_count":0,"cell_type":"code","source":["ALTER TABLE [dbo].[Orders]  WITH CHECK ADD FOREIGN KEY([UserId])\r\nREFERENCES [dbo].[Users] ([Id])\r\n","GO\r\n"],"metadata":{"urn":"Server[@Name='Bety\\SQLEXPRESS']/Database[@Name='PCShopDB']/Table[@Name='Orders' and @Schema='dbo']/ForeignKey[@Name='FK__Orders__UserId__534D60F1']","object_type":"ForeignKey"}},{"cell_type":"markdown","source":["# [PCShopDB]"],"metadata":{"urn":"Server[@Name='Bety\\SQLEXPRESS']/Database[@Name='PCShopDB']","object_type":"Database"}},{"outputs":[],"execution_count":0,"cell_type":"code","source":["USE [master]\r\n","GO\r\n"],"metadata":{"urn":"Server[@Name='Bety\\SQLEXPRESS']/Database[@Name='PCShopDB']","object_type":"Database"}},{"outputs":[],"execution_count":0,"cell_type":"code","source":["ALTER DATABASE [PCShopDB] SET  READ_WRITE \r\n","GO\r\n"],"metadata":{"urn":"Server[@Name='Bety\\SQLEXPRESS']/Database[@Name='PCShopDB']","object_type":"Database"}}]}